{
"sparkMaster": "yarn-cluster",
"environment": "PROD",
"sourceEnabled": "PROD",
"targetEnabled": "PROD",
"cassandra_source": {
                "PROD": {
                  "hostname": "qatplcmsv000d.unix.gsm1900.org",
                  "port": "9042",
                  "username": "mlb02_scs_read_only",
                  "password": "",
                  "truststorepath": "/app/UDMF/cassandra.soh.truststore.jks",
                  "truststorepassword": "",
                  "cluster_name": "Polaris-CASS_Tst3",
                  "keyspace": "supply_chain_domain_mlab02"
                }
  },
"oracle_target": {
	  "LKP_ORDER_MAPPING": "LKP_ORDER_MAPPING",
	  "wdcInboundTransactions": "wdc_inbound_transactions",
          "wdcInboundTransactionsTemp": "wdc_inbound_transactions_temp",
	  "wdcInboundTransactionsArchive": "wdc_inbound_transactions_archive",
	  "wdcOutboundTransactions": "wdc_outbound_transactions",
	  "wdcOutboundTransactionsArchive": "wdc_outbound_transactions_archive",
          "wdcOutboundTransactionsTemp": "wdc_outbound_transactions_temp",
	  "wdcOutboundTransactionsArchiveTemp": "wdc_outbound_transactions_archive_temp",
	  "wdcInboundTransactionsArchiveTemp": "wdc_inbound_transactions_archive_temp",
	  "wdcPierTicket": "wdc_pier_ticket",
	  "wdcPierTicketTemp": "wdc_pier_ticket_temp",
	  "wdcPierTicketArchive": "wdc_pier_ticket_archive",
	  "wdcPierTicketArchiveTemp": "wdc_pier_ticket_archive_temp",
        "PROD": {
          "url": "jdbc:oracle:thin:@10.158.148.141:1678:drscs1",
          "driver": "oracle.jdbc.OracleDriver",
          "username": "UDMF_UI",
          "password": ""
        }
},
"extract_dir": {
    "archive_dir": "/app/RECON/WDC_RECON/recon_archived/WDCInboundTransReconExtract/",
    "InboundTransExtract": "/app/RECON/WDC_RECON/recon_outbound/WDCInboundTransReconExtract/",
    "InboundTransExtractAdhoc": "/app/RECON/WDC_RECON/recon_outbound/WDCInboundTransReconExtractAdhoc/",
    "OutboundTransExtract": "/app/RECON/WDC_RECON/recon_outbound/WDCOutboundTransReconExtract/",
    "OutboundTransExtractAdhoc": "/app/RECON/WDC_RECON/recon_outbound/WDCOutboundTransReconExtractAdhoc/",
    "pierTicketErrors": "/app/RECON/WDC_RECON/recon_pierticket/error/",
    "pierTicketInput": "/app/RECON/WDC_RECON/recon_pierticket/input/",
    "pierTicketProcessed": "/app/RECON/WDC_RECON/recon_pierticket/processed/",
    "pierTicketProcessing": "/app/RECON/WDC_RECON/recon_pierticket/processing/",
    "pierTicketArchive": "/app/RECON/WDC_RECON/recon_pierticket/archive/",
    "pierProcessedFileName": "/app/RECON/WDC_RECON/recon_config/pier_processed_file_name.conf",
    "pierErrorFileName": "/app/RECON/WDC_RECON/recon_config/pier_error_file_name.conf"
}
}

